<?xml version='1.1' encoding='UTF-8'?>
<com.cloudbees.plugins.credentials.SystemCredentialsProvider plugin="credentials@2.1.18">
  <domainCredentialsMap class="hudson.util.CopyOnWriteMap$Hash">
    <entry>
      <com.cloudbees.plugins.credentials.domains.Domain>
        <specifications/>
      </com.cloudbees.plugins.credentials.domains.Domain>
      <java.util.concurrent.CopyOnWriteArrayList>
        <com.cloudbees.plugins.credentials.impl.UsernamePasswordCredentialsImpl>
          <scope>GLOBAL</scope>
          <id>f7884423-eef1-4ac8-99b2-32ed168bc93e</id>
          <description></description>
          <username>Admin</username>
          <password>{AQAAABAAAAAQS4IE3jr0hLgs3ptzfN0YS6yKeG+IpPSA3frw9II6ClE=}</password>
        </com.cloudbees.plugins.credentials.impl.UsernamePasswordCredentialsImpl>
        <com.cloudbees.plugins.credentials.impl.UsernamePasswordCredentialsImpl>
          <scope>GLOBAL</scope>
          <id>2810dade-d9a4-4e74-a4a0-7bbda6be0b74</id>
          <description></description>
          <username>AbhinavQualitrix</username>
          <password>{AQAAABAAAAAQ0K+vEgEZYSgtbCjkxUNVOIPEPdiuEfh98qfpKHyWwvg=}</password>
        </com.cloudbees.plugins.credentials.impl.UsernamePasswordCredentialsImpl>
      </java.util.concurrent.CopyOnWriteArrayList>
    </entry>
  </domainCredentialsMap>
</com.cloudbees.plugins.credentials.SystemCredentialsProvider>