<?xml version='1.1' encoding='UTF-8'?>
<hudson.plugins.emailext.ExtendedEmailPublisherDescriptor plugin="email-ext@2.63">
  <mailAccount>
    <smtpHost>smtp.gmail.com</smtpHost>
    <smtpPort>465</smtpPort>
    <smtpUsername>abhinav.kumar@qualitrix.com</smtpUsername>
    <smtpPassword>{AQAAABAAAAAQBI+cajaOJLLgBOchYeyyqiPn5P3Q1PoX4/uiavhmkK8=}</smtpPassword>
    <useSsl>true</useSsl>
  </mailAccount>
  <addAccounts/>
  <charset>UTF-8</charset>
  <defaultContentType>text/html</defaultContentType>
  <defaultSubject>Diksha Sanity Execution Report </defaultSubject>
  <defaultBody>Hello all,&#xd;
&#xd;
Please find the Diksha Regression Suite Execution Report.&#xd;
&#xd;
</defaultBody>
  <defaultPresendScript></defaultPresendScript>
  <defaultPostsendScript></defaultPostsendScript>
  <defaultClasspath/>
  <defaultTriggerIds>
    <string>hudson.plugins.emailext.plugins.trigger.AlwaysTrigger</string>
    <string>hudson.plugins.emailext.plugins.trigger.BuildingTrigger</string>
  </defaultTriggerIds>
  <maxAttachmentSize>-1</maxAttachmentSize>
  <recipientList>abhinav.kumar@qualitrix.com</recipientList>
  <defaultReplyTo>abhinav.kumar@qualitrix.com</defaultReplyTo>
  <allowedDomains></allowedDomains>
  <excludedCommitters></excludedCommitters>
  <overrideGlobalSettings>true</overrideGlobalSettings>
  <precedenceBulk>false</precedenceBulk>
  <debugMode>false</debugMode>
  <requireAdminForTemplateTesting>false</requireAdminForTemplateTesting>
  <enableWatching>false</enableWatching>
  <enableAllowUnregistered>true</enableAllowUnregistered>
</hudson.plugins.emailext.ExtendedEmailPublisherDescriptor>