<?xml version='1.1' encoding='UTF-8'?>
<hudson.model.UserIdMapper>
  <version>1</version>
  <idToDirectoryNameMap class="concurrent-hash-map">
    <entry>
      <string>noreply</string>
      <string>noreply_7661053591743957802</string>
    </entry>
    <entry>
      <string>abhinav.kumar</string>
      <string>abhinavkumar_3767773846564140236</string>
    </entry>
    <entry>
      <string>richaprakash9</string>
      <string>richaprakash9_1618841794198640975</string>
    </entry>
    <entry>
      <string>admin</string>
      <string>admin_4226478288580682670</string>
    </entry>
    <entry>
      <string>tejas.kumar</string>
      <string>tejaskumar_7238631720311186028</string>
    </entry>
    <entry>
      <string>raju.s</string>
      <string>rajus_5938627201099321893</string>
    </entry>
  </idToDirectoryNameMap>
</hudson.model.UserIdMapper>